,Survived,SibSp,Parch,Fare,Idade,Sex_female,Sex_male,Embarked_C,Embarked_Q,Embarked_S,Pclass_1,Pclass_2,Pclass_3
0,0,1,0,7.25,22.0,False,True,False,False,True,0.0,0.0,1.0
1,1,1,0,71.2833,38.0,True,False,True,False,False,1.0,0.0,0.0
2,1,0,0,7.925,26.0,True,False,False,False,True,0.0,0.0,1.0
3,1,1,0,53.1,35.0,True,False,False,False,True,1.0,0.0,0.0
4,0,0,0,8.05,35.0,False,True,False,False,True,0.0,0.0,1.0
5,0,0,0,8.4583,29.092853312037207,False,True,False,True,False,0.0,0.0,1.0
6,0,0,0,51.8625,54.0,False,True,False,False,True,1.0,0.0,0.0
7,0,3,1,21.075,2.0,False,True,False,False,True,0.0,0.0,1.0
8,1,0,2,11.1333,27.0,True,False,False,False,True,0.0,0.0,1.0
9,1,1,0,30.0708,14.0,True,False,True,False,False,0.0,1.0,0.0
10,1,1,1,16.7,4.0,True,False,False,False,True,0.0,0.0,1.0
11,1,0,0,26.55,58.0,True,False,False,False,True,1.0,0.0,0.0
12,0,0,0,8.05,20.0,False,True,False,False,True,0.0,0.0,1.0
13,0,1,5,31.275,39.0,False,True,False,False,True,0.0,0.0,1.0
14,0,0,0,7.8542,14.0,True,False,False,False,True,0.0,0.0,1.0
15,1,0,0,16.0,55.0,True,False,False,False,True,0.0,1.0,0.0
16,0,4,1,29.125,2.0,False,True,False,True,False,0.0,0.0,1.0
17,1,0,0,13.0,30.4185463679756,False,True,False,False,True,0.0,1.0,0.0
18,0,1,0,18.0,31.0,True,False,False,False,True,0.0,0.0,1.0
19,1,0,0,7.225,22.67232572492552,True,False,True,False,False,0.0,0.0,1.0
20,0,0,0,26.0,35.0,False,True,False,False,True,0.0,1.0,0.0
21,1,0,0,13.0,34.0,False,True,False,False,True,0.0,1.0,0.0
22,1,0,0,8.0292,15.0,True,False,False,True,False,0.0,0.0,1.0
23,1,0,0,35.5,28.0,False,True,False,False,True,1.0,0.0,0.0
24,0,3,1,21.075,8.0,True,False,False,False,True,0.0,0.0,1.0
25,1,1,5,31.3875,38.0,True,False,False,False,True,0.0,0.0,1.0
26,0,0,0,7.225,29.110028876809448,False,True,True,False,False,0.0,0.0,1.0
27,0,3,2,263.0,19.0,False,True,False,False,True,1.0,0.0,0.0
28,1,0,0,7.8792,22.663215002089224,True,False,False,True,False,0.0,0.0,1.0
29,0,0,0,7.8958,29.100686973907298,False,True,False,False,True,0.0,0.0,1.0
30,0,0,0,27.7208,40.0,False,True,True,False,False,1.0,0.0,0.0
31,1,1,0,146.5208,32.42968085742207,True,False,True,False,False,1.0,0.0,0.0
32,1,0,0,7.75,22.665014307180098,True,False,False,True,False,0.0,0.0,1.0
33,0,0,0,10.5,66.0,False,True,False,False,True,0.0,1.0,0.0
34,0,1,0,82.1708,28.0,False,True,True,False,False,1.0,0.0,0.0
35,0,1,0,52.0,42.0,False,True,False,False,True,1.0,0.0,0.0
36,1,0,0,7.2292,22.67226723358356,False,True,True,False,False,0.0,0.0,1.0
37,0,0,0,8.05,21.0,False,True,False,False,True,0.0,0.0,1.0
38,0,2,0,18.0,18.0,True,False,False,False,True,0.0,0.0,1.0
39,1,1,0,11.2417,14.0,True,False,True,False,False,0.0,0.0,1.0
40,0,1,0,9.475,40.0,True,False,False,False,True,0.0,0.0,1.0
41,0,1,0,21.0,27.0,True,False,False,False,True,0.0,1.0,0.0
42,0,0,0,7.8958,29.100686973907298,False,True,True,False,False,0.0,0.0,1.0
43,1,1,2,41.5792,3.0,True,False,True,False,False,0.0,1.0,0.0
44,1,0,0,7.8792,19.0,True,False,False,True,False,0.0,0.0,1.0
45,0,0,0,8.05,29.098539506066643,False,True,False,False,True,0.0,0.0,1.0
46,0,1,0,15.5,25.038754013071685,False,True,False,True,False,0.0,0.0,1.0
47,1,0,0,7.75,22.665014307180098,True,False,False,True,False,0.0,0.0,1.0
48,0,2,0,21.6792,20.99666632897364,False,True,True,False,False,0.0,0.0,1.0
49,0,1,0,17.8,18.0,True,False,False,False,True,0.0,0.0,1.0
50,0,4,1,39.6875,7.0,False,True,False,False,True,0.0,0.0,1.0
51,0,0,0,7.8,21.0,False,True,False,False,True,0.0,0.0,1.0
52,1,1,0,76.7292,49.0,True,False,True,False,False,1.0,0.0,0.0
53,1,1,0,26.0,29.0,True,False,False,False,True,0.0,1.0,0.0
54,0,0,1,61.9792,65.0,False,True,True,False,False,1.0,0.0,0.0
55,1,0,0,35.5,37.931846131421565,False,True,False,False,True,1.0,0.0,0.0
56,1,0,0,10.5,21.0,True,False,False,False,True,0.0,1.0,0.0
57,0,0,0,7.2292,28.5,False,True,True,False,False,0.0,0.0,1.0
58,1,1,2,27.75,5.0,True,False,False,False,True,0.0,1.0,0.0
59,0,5,2,46.9,11.0,False,True,False,False,True,0.0,0.0,1.0
60,0,0,0,7.2292,22.0,False,True,True,False,False,0.0,0.0,1.0
61,1,0,0,80.0,38.0,True,False,False,False,False,1.0,0.0,0.0
62,0,1,0,83.475,45.0,False,True,False,False,True,1.0,0.0,0.0
63,0,3,2,27.9,4.0,False,True,False,False,True,0.0,0.0,1.0
64,0,0,0,27.7208,44.47788638982964,False,True,True,False,False,1.0,0.0,0.0
65,1,1,1,15.2458,17.770412594108656,False,True,True,False,False,0.0,0.0,1.0
66,1,0,0,10.5,29.0,True,False,False,False,True,0.0,1.0,0.0
67,0,0,0,8.1583,19.0,False,True,False,False,True,0.0,0.0,1.0
68,1,4,2,7.925,17.0,True,False,False,False,True,0.0,0.0,1.0
69,0,2,0,8.6625,26.0,False,True,False,False,True,0.0,0.0,1.0
70,0,0,0,10.5,32.0,False,True,False,False,True,0.0,1.0,0.0
71,0,5,2,46.9,16.0,True,False,False,False,True,0.0,0.0,1.0
72,0,0,0,73.5,21.0,False,True,False,False,True,0.0,1.0,0.0
73,0,1,0,14.4542,26.0,False,True,True,False,False,0.0,0.0,1.0
74,1,0,0,56.4958,32.0,False,True,False,False,True,0.0,0.0,1.0
75,0,0,0,7.65,25.0,False,True,False,False,True,0.0,0.0,1.0
76,0,0,0,7.8958,29.100686973907298,False,True,False,False,True,0.0,0.0,1.0
77,0,0,0,8.05,29.098539506066643,False,True,False,False,True,0.0,0.0,1.0
78,1,0,2,29.0,0.83,False,True,False,False,True,0.0,1.0,0.0
79,1,0,0,12.475,30.0,True,False,False,False,True,0.0,0.0,1.0
80,0,0,0,9.0,22.0,False,True,False,False,True,0.0,0.0,1.0
81,1,0,0,9.5,29.0,False,True,False,False,True,0.0,0.0,1.0
82,1,0,0,7.7875,22.664492063055427,True,False,False,True,False,0.0,0.0,1.0
83,0,0,0,47.1,28.0,False,True,False,False,True,1.0,0.0,0.0
84,1,0,0,10.5,17.0,True,False,False,False,True,0.0,1.0,0.0
85,1,3,0,15.85,33.0,True,False,False,False,True,0.0,0.0,1.0
86,0,1,3,34.375,16.0,False,True,False,False,True,0.0,0.0,1.0
87,0,0,0,8.05,29.098539506066643,False,True,False,False,True,0.0,0.0,1.0
88,1,3,2,263.0,23.0,True,False,False,False,True,1.0,0.0,0.0
89,0,0,0,8.05,24.0,False,True,False,False,True,0.0,0.0,1.0
90,0,0,0,8.05,29.0,False,True,False,False,True,0.0,0.0,1.0
91,0,0,0,7.8542,20.0,False,True,False,False,True,0.0,0.0,1.0
92,0,1,0,61.175,46.0,False,True,False,False,True,1.0,0.0,0.0
93,0,1,2,20.575,26.0,False,True,False,False,True,0.0,0.0,1.0
94,0,0,0,7.25,59.0,False,True,False,False,True,0.0,0.0,1.0
95,0,0,0,8.05,29.098539506066643,False,True,False,False,True,0.0,0.0,1.0
96,0,0,0,34.6542,29.0,False,True,True,False,False,1.0,0.0,0.0
97,1,0,1,63.3583,23.0,False,True,True,False,False,1.0,0.0,0.0
98,1,0,1,23.0,34.0,True,False,False,False,True,0.0,1.0,0.0
99,0,1,0,26.0,34.0,False,True,False,False,True,0.0,1.0,0.0
100,0,0,0,7.8958,28.0,True,False,False,False,True,0.0,0.0,1.0
101,0,0,0,7.8958,29.100686973907298,False,True,False,False,True,0.0,0.0,1.0
102,0,0,1,77.2875,21.0,False,True,False,False,True,1.0,0.0,0.0
103,0,0,0,8.6542,33.0,False,True,False,False,True,0.0,0.0,1.0
104,0,2,0,7.925,37.0,False,True,False,False,True,0.0,0.0,1.0
105,0,0,0,7.8958,28.0,False,True,False,False,True,0.0,0.0,1.0
106,1,0,0,7.65,21.0,True,False,False,False,True,0.0,0.0,1.0
107,1,0,0,7.775,22.66466614443032,False,True,False,False,True,0.0,0.0,1.0
108,0,0,0,7.8958,38.0,False,True,False,False,True,0.0,0.0,1.0
109,1,1,0,24.15,18.48058654976321,True,False,False,True,False,0.0,0.0,1.0
110,0,0,0,52.0,47.0,False,True,False,False,True,1.0,0.0,0.0
111,0,1,0,14.4542,14.5,True,False,True,False,False,0.0,0.0,1.0
112,0,0,0,8.05,22.0,False,True,False,False,True,0.0,0.0,1.0
113,0,1,0,9.825,20.0,True,False,False,False,True,0.0,0.0,1.0
114,0,0,0,14.4583,17.0,True,False,True,False,False,0.0,0.0,1.0
115,0,0,0,7.925,21.0,False,True,False,False,True,0.0,0.0,1.0
116,0,0,0,7.75,29.0,False,True,False,True,False,0.0,0.0,1.0
117,0,1,0,21.0,29.0,False,True,False,False,True,0.0,1.0,0.0
118,0,0,1,247.5208,24.0,False,True,True,False,False,1.0,0.0,0.0
119,0,4,2,31.275,2.0,True,False,False,False,True,0.0,0.0,1.0
120,0,2,0,73.5,21.0,False,True,False,False,True,0.0,1.0,0.0
121,0,0,0,8.05,29.098539506066643,False,True,False,False,True,0.0,0.0,1.0
122,0,1,0,30.0708,32.5,False,True,True,False,False,0.0,1.0,0.0
123,1,0,0,13.0,32.5,True,False,False,False,True,0.0,1.0,0.0
124,0,0,1,77.2875,54.0,False,True,False,False,True,1.0,0.0,0.0
125,1,1,0,11.2417,12.0,False,True,True,False,False,0.0,0.0,1.0
126,0,0,0,7.75,29.102717459064028,False,True,False,True,False,0.0,0.0,1.0
127,1,0,0,7.1417,24.0,False,True,False,False,True,0.0,0.0,1.0
128,1,1,1,22.3583,17.6713602917957,True,False,True,False,False,0.0,0.0,1.0
129,0,0,0,6.975,45.0,False,True,False,False,True,0.0,0.0,1.0
130,0,0,0,7.8958,33.0,False,True,True,False,False,0.0,0.0,1.0
131,0,0,0,7.05,20.0,False,True,False,False,True,0.0,0.0,1.0
132,0,1,0,14.5,47.0,True,False,False,False,True,0.0,0.0,1.0
133,1,1,0,26.0,29.0,True,False,False,False,True,0.0,1.0,0.0
134,0,0,0,13.0,25.0,False,True,False,False,True,0.0,1.0,0.0
135,0,0,0,15.0458,23.0,False,True,True,False,False,0.0,1.0,0.0
136,1,0,2,26.2833,19.0,True,False,False,False,True,1.0,0.0,0.0
137,0,1,0,53.1,37.0,False,True,False,False,True,1.0,0.0,0.0
138,0,0,0,9.2167,16.0,False,True,False,False,True,0.0,0.0,1.0
139,0,0,0,79.2,24.0,False,True,True,False,False,1.0,0.0,0.0
140,0,0,2,15.2458,27.32997035363365,True,False,True,False,False,0.0,0.0,1.0
141,1,0,0,7.75,22.0,True,False,False,False,True,0.0,0.0,1.0
142,1,1,0,15.85,24.0,True,False,False,False,True,0.0,0.0,1.0
143,0,0,0,6.75,19.0,False,True,False,True,False,0.0,0.0,1.0
144,0,0,0,11.5,18.0,False,True,False,False,True,0.0,1.0,0.0
145,0,1,1,36.75,19.0,False,True,False,False,True,0.0,1.0,0.0
146,1,0,0,7.7958,27.0,False,True,False,False,True,0.0,0.0,1.0
147,0,2,2,34.375,9.0,True,False,False,False,True,0.0,0.0,1.0
148,0,0,2,26.0,36.5,False,True,False,False,True,0.0,1.0,0.0
149,0,0,0,13.0,42.0,False,True,False,False,True,0.0,1.0,0.0
150,0,0,0,12.525,51.0,False,True,False,False,True,0.0,1.0,0.0
151,1,1,0,66.6,22.0,True,False,False,False,True,1.0,0.0,0.0
152,0,0,0,8.05,55.5,False,True,False,False,True,0.0,0.0,1.0
153,0,0,2,14.5,40.5,False,True,False,False,True,0.0,0.0,1.0
154,0,0,0,7.3125,29.10881030718521,False,True,False,False,True,0.0,0.0,1.0
155,0,0,1,61.3792,51.0,False,True,True,False,False,1.0,0.0,0.0
156,1,0,0,7.7333,16.0,True,False,False,True,False,0.0,0.0,1.0
157,0,0,0,8.05,30.0,False,True,False,False,True,0.0,0.0,1.0
158,0,0,0,8.6625,29.090009518696988,False,True,False,False,True,0.0,0.0,1.0
159,0,8,2,69.55,29.0,False,True,False,False,True,0.0,0.0,1.0
160,0,0,1,16.1,44.0,False,True,False,False,True,0.0,0.0,1.0
161,1,0,0,15.75,40.0,True,False,False,False,True,0.0,1.0,0.0
162,0,0,0,7.775,26.0,False,True,False,False,True,0.0,0.0,1.0
163,0,0,0,8.6625,17.0,False,True,False,False,True,0.0,0.0,1.0
164,0,4,1,39.6875,1.0,False,True,False,False,True,0.0,0.0,1.0
165,1,0,2,20.525,9.0,False,True,False,False,True,0.0,0.0,1.0
166,1,0,1,55.0,36.82610080067278,True,False,False,False,True,1.0,0.0,0.0
167,0,1,4,27.9,45.0,True,False,False,False,True,0.0,0.0,1.0
168,0,0,0,25.925,44.50289561647197,False,True,False,False,True,1.0,0.0,0.0
169,0,0,0,56.4958,28.0,False,True,False,False,True,0.0,0.0,1.0
170,0,0,0,33.5,61.0,False,True,False,False,True,1.0,0.0,0.0
171,0,4,1,29.125,4.0,False,True,False,True,False,0.0,0.0,1.0
172,1,1,1,11.1333,1.0,True,False,False,False,True,0.0,0.0,1.0
173,0,0,0,7.925,21.0,False,True,False,False,True,0.0,0.0,1.0
174,0,0,0,30.6958,56.0,False,True,True,False,False,1.0,0.0,0.0
175,0,1,1,7.8542,18.0,False,True,False,False,True,0.0,0.0,1.0
176,0,3,1,25.4667,16.153708292902856,False,True,False,False,True,0.0,0.0,1.0
177,0,0,0,28.7125,50.0,True,False,True,False,False,1.0,0.0,0.0
178,0,0,0,13.0,30.0,False,True,False,False,True,0.0,1.0,0.0
179,0,0,0,0.0,36.0,False,True,False,False,True,0.0,0.0,1.0
180,0,8,2,69.55,29.0,True,False,False,False,True,0.0,0.0,1.0
181,0,0,0,15.05,36.827700174377405,False,True,True,False,False,0.0,1.0,0.0
182,0,4,2,31.3875,9.0,False,True,False,False,True,0.0,0.0,1.0
183,1,2,1,39.0,1.0,False,True,False,False,True,0.0,1.0,0.0
184,1,0,2,22.025,4.0,True,False,False,False,True,0.0,0.0,1.0
185,0,0,0,50.0,44.16761488843198,False,True,False,False,True,1.0,0.0,0.0
186,1,1,0,15.5,18.60105086118776,True,False,False,True,False,0.0,0.0,1.0
187,1,0,0,26.55,45.0,False,True,False,False,True,1.0,0.0,0.0
188,0,1,1,15.5,40.0,False,True,False,True,False,0.0,0.0,1.0
189,0,0,0,7.8958,36.0,False,True,False,False,True,0.0,0.0,1.0
190,1,0,0,13.0,32.0,True,False,False,False,True,0.0,1.0,0.0
191,0,0,0,13.0,19.0,False,True,False,False,True,0.0,1.0,0.0
192,1,1,0,7.8542,19.0,True,False,False,False,True,0.0,0.0,1.0
193,1,1,1,26.0,3.0,False,True,False,False,True,0.0,1.0,0.0
194,1,0,0,27.7208,44.0,True,False,True,False,False,1.0,0.0,0.0
195,1,0,0,146.5208,58.0,True,False,True,False,False,1.0,0.0,0.0
196,0,0,0,7.75,29.102717459064028,False,True,False,True,False,0.0,0.0,1.0
197,0,0,1,8.4042,42.0,False,True,False,False,True,0.0,0.0,1.0
198,1,0,0,7.75,22.665014307180098,True,False,False,True,False,0.0,0.0,1.0
199,0,0,0,13.0,24.0,True,False,False,False,True,0.0,1.0,0.0
200,0,0,0,9.5,28.0,False,True,False,False,True,0.0,0.0,1.0
201,0,8,2,69.55,29.0,False,True,False,False,True,0.0,0.0,1.0
202,0,0,0,6.4958,34.0,False,True,False,False,True,0.0,0.0,1.0
203,0,0,0,7.225,45.5,False,True,True,False,False,0.0,0.0,1.0
204,1,0,0,8.05,18.0,False,True,False,False,True,0.0,0.0,1.0
205,0,0,1,10.4625,2.0,True,False,False,False,True,0.0,0.0,1.0
206,0,1,0,15.85,32.0,False,True,False,False,True,0.0,0.0,1.0
207,1,0,0,18.7875,26.0,False,True,True,False,False,0.0,0.0,1.0
208,1,0,0,7.75,16.0,True,False,False,True,False,0.0,0.0,1.0
209,1,0,0,31.0,40.0,False,True,True,False,False,1.0,0.0,0.0
210,0,0,0,7.05,24.0,False,True,False,False,True,0.0,0.0,1.0
211,1,0,0,21.0,35.0,True,False,False,False,True,0.0,1.0,0.0
212,0,0,0,7.25,22.0,False,True,False,False,True,0.0,0.0,1.0
213,0,0,0,13.0,30.0,False,True,False,False,True,0.0,1.0,0.0
214,0,1,0,7.75,25.14668446550408,False,True,False,True,False,0.0,0.0,1.0
215,1,1,0,113.275,31.0,True,False,True,False,False,1.0,0.0,0.0
216,1,0,0,7.925,27.0,True,False,False,False,True,0.0,0.0,1.0
217,0,1,0,27.0,42.0,False,True,False,False,True,0.0,1.0,0.0
218,1,0,0,76.2917,32.0,True,False,True,False,False,1.0,0.0,0.0
219,0,0,0,10.5,30.0,False,True,False,False,True,0.0,1.0,0.0
220,1,0,0,8.05,16.0,False,True,False,False,True,0.0,0.0,1.0
221,0,0,0,13.0,27.0,False,True,False,False,True,0.0,1.0,0.0
222,0,0,0,8.05,51.0,False,True,False,False,True,0.0,0.0,1.0
223,0,0,0,7.8958,29.100686973907298,False,True,False,False,True,0.0,0.0,1.0
224,1,1,0,90.0,38.0,False,True,False,False,True,1.0,0.0,0.0
225,0,0,0,9.35,22.0,False,True,False,False,True,0.0,0.0,1.0
226,1,0,0,10.5,19.0,False,True,False,False,True,0.0,1.0,0.0
227,0,0,0,7.25,20.5,False,True,False,False,True,0.0,0.0,1.0
228,0,0,0,13.0,18.0,False,True,False,False,True,0.0,1.0,0.0
229,0,3,1,25.4667,16.153708292902856,True,False,False,False,True,0.0,0.0,1.0
230,1,1,0,83.475,35.0,True,False,False,False,True,1.0,0.0,0.0
231,0,0,0,7.775,29.0,False,True,False,False,True,0.0,0.0,1.0
232,0,0,0,13.5,59.0,False,True,False,False,True,0.0,1.0,0.0
233,1,4,2,31.3875,5.0,True,False,False,False,True,0.0,0.0,1.0
234,0,0,0,10.5,24.0,False,True,False,False,True,0.0,1.0,0.0
235,0,0,0,7.55,29.105502761062283,True,False,False,False,True,0.0,0.0,1.0
236,0,1,0,26.0,44.0,False,True,False,False,True,0.0,1.0,0.0
237,1,0,2,26.25,8.0,True,False,False,False,True,0.0,1.0,0.0
238,0,0,0,10.5,19.0,False,True,False,False,True,0.0,1.0,0.0
239,0,0,0,12.275,33.0,False,True,False,False,True,0.0,1.0,0.0
240,0,1,0,14.4542,25.05331835722056,True,False,True,False,False,0.0,0.0,1.0
241,1,1,0,15.5,18.60105086118776,True,False,False,True,False,0.0,0.0,1.0
242,0,0,0,10.5,29.0,False,True,False,False,True,0.0,1.0,0.0
243,0,0,0,7.125,22.0,False,True,False,False,True,0.0,0.0,1.0
244,0,0,0,7.225,30.0,False,True,True,False,False,0.0,0.0,1.0
245,0,2,0,90.0,44.0,False,True,False,True,False,1.0,0.0,0.0
246,0,0,0,7.775,25.0,True,False,False,False,True,0.0,0.0,1.0
247,1,0,2,14.5,24.0,True,False,False,False,True,0.0,1.0,0.0
248,1,1,1,52.5542,37.0,False,True,False,False,True,1.0,0.0,0.0
249,0,1,0,26.0,54.0,False,True,False,False,True,0.0,1.0,0.0
250,0,0,0,7.25,29.109680714059667,False,True,False,False,True,0.0,0.0,1.0
251,0,1,1,10.4625,29.0,True,False,False,False,True,0.0,0.0,1.0
252,0,0,0,26.55,62.0,False,True,False,False,True,1.0,0.0,0.0
253,0,1,0,16.1,30.0,False,True,False,False,True,0.0,0.0,1.0
254,0,0,2,20.2125,41.0,True,False,False,False,True,0.0,0.0,1.0
255,1,0,2,15.2458,29.0,True,False,True,False,False,0.0,0.0,1.0
256,1,0,0,79.2,37.323257644802766,True,False,True,False,False,1.0,0.0,0.0
257,1,0,0,86.5,30.0,True,False,False,False,True,1.0,0.0,0.0
258,1,0,0,512.3292,35.0,True,False,True,False,False,1.0,0.0,0.0
259,1,0,1,26.0,50.0,True,False,False,False,True,0.0,1.0,0.0
260,0,0,0,7.75,29.102717459064028,False,True,False,True,False,0.0,0.0,1.0
261,1,4,2,31.3875,3.0,False,True,False,False,True,0.0,0.0,1.0
262,0,1,1,79.65,52.0,False,True,False,False,True,1.0,0.0,0.0
263,0,0,0,0.0,40.0,False,True,False,False,True,1.0,0.0,0.0
264,0,0,0,7.75,29.102717459064028,True,False,False,True,False,0.0,0.0,1.0
265,0,0,0,10.5,36.0,False,True,False,False,True,0.0,1.0,0.0
266,0,4,1,39.6875,16.0,False,True,False,False,True,0.0,0.0,1.0
267,1,1,0,7.775,25.0,False,True,False,False,True,0.0,0.0,1.0
268,1,0,1,153.4625,58.0,True,False,False,False,True,1.0,0.0,0.0
269,1,0,0,135.6333,35.0,True,False,False,False,True,1.0,0.0,0.0
270,0,0,0,31.0,44.43221857826624,False,True,False,False,True,1.0,0.0,0.0
271,1,0,0,0.0,25.0,False,True,False,False,True,0.0,0.0,1.0
272,1,0,1,19.5,41.0,True,False,False,False,True,0.0,1.0,0.0
273,0,0,1,29.7,37.0,False,True,True,False,False,1.0,0.0,0.0
274,1,0,0,7.75,22.665014307180098,True,False,False,True,False,0.0,0.0,1.0
275,1,1,0,77.9583,63.0,True,False,False,False,True,1.0,0.0,0.0
276,0,0,0,7.75,45.0,True,False,False,False,True,0.0,0.0,1.0
277,0,0,0,0.0,37.03729414974612,False,True,False,False,True,0.0,1.0,0.0
278,0,4,1,29.125,7.0,False,True,False,True,False,0.0,0.0,1.0
279,1,1,1,20.25,35.0,True,False,False,False,True,0.0,0.0,1.0
280,0,0,0,7.75,65.0,False,True,False,True,False,0.0,0.0,1.0
281,0,0,0,7.8542,28.0,False,True,False,False,True,0.0,0.0,1.0
282,0,0,0,9.5,16.0,False,True,False,False,True,0.0,0.0,1.0
283,1,0,0,8.05,19.0,False,True,False,False,True,0.0,0.0,1.0
284,0,0,0,26.0,44.50185112822263,False,True,False,False,True,1.0,0.0,0.0
285,0,0,0,8.6625,33.0,False,True,True,False,False,0.0,0.0,1.0
286,1,0,0,9.5,30.0,False,True,False,False,True,0.0,0.0,1.0
287,0,0,0,7.8958,22.0,False,True,False,False,True,0.0,0.0,1.0
288,1,0,0,13.0,42.0,False,True,False,False,True,0.0,1.0,0.0
289,1,0,0,7.75,22.0,True,False,False,True,False,0.0,0.0,1.0
290,1,0,0,78.85,26.0,True,False,False,False,True,1.0,0.0,0.0
291,1,1,0,91.0792,19.0,True,False,True,False,False,1.0,0.0,0.0
292,0,0,0,12.875,36.0,False,True,True,False,False,0.0,1.0,0.0
293,0,0,0,8.85,24.0,True,False,False,False,True,0.0,0.0,1.0
294,0,0,0,7.8958,24.0,False,True,False,False,True,0.0,0.0,1.0
295,0,0,0,27.7208,44.47788638982964,False,True,True,False,False,1.0,0.0,0.0
296,0,0,0,7.2292,23.5,False,True,True,False,False,0.0,0.0,1.0
297,0,1,2,151.55,2.0,True,False,False,False,True,1.0,0.0,0.0
298,1,0,0,30.5,38.00147868137795,False,True,False,False,True,1.0,0.0,0.0
299,1,0,1,247.5208,50.0,True,False,True,False,False,1.0,0.0,0.0
300,1,0,0,7.75,22.665014307180098,True,False,False,True,False,0.0,0.0,1.0
301,1,2,0,23.25,14.537087415195415,False,True,False,True,False,0.0,0.0,1.0
302,0,0,0,0.0,19.0,False,True,False,False,True,0.0,0.0,1.0
303,1,0,0,12.35,30.427598599469924,True,False,False,True,False,0.0,1.0,0.0
304,0,0,0,8.05,29.098539506066643,False,True,False,False,True,0.0,0.0,1.0
305,1,1,2,151.55,0.92,False,True,False,False,True,1.0,0.0,0.0
306,1,0,0,110.8833,36.88201985079614,True,False,True,False,False,1.0,0.0,0.0
307,1,1,0,108.9,17.0,True,False,True,False,False,1.0,0.0,0.0
308,0,1,0,24.0,30.0,False,True,True,False,False,0.0,1.0,0.0
309,1,0,0,56.9292,30.0,True,False,True,False,False,1.0,0.0,0.0
310,1,0,0,83.1583,24.0,True,False,True,False,False,1.0,0.0,0.0
311,1,2,2,262.375,18.0,True,False,True,False,False,1.0,0.0,0.0
312,0,1,1,26.0,26.0,True,False,False,False,True,0.0,1.0,0.0
313,0,0,0,7.8958,28.0,False,True,False,False,True,0.0,0.0,1.0
314,0,1,1,26.25,43.0,False,True,False,False,True,0.0,1.0,0.0
315,1,0,0,7.8542,26.0,True,False,False,False,True,0.0,0.0,1.0
316,1,1,0,26.0,24.0,True,False,False,False,True,0.0,1.0,0.0
317,0,0,0,14.0,54.0,False,True,False,False,True,0.0,1.0,0.0
318,1,0,2,164.8667,31.0,True,False,False,False,True,1.0,0.0,0.0
319,1,1,1,134.5,40.0,True,False,True,False,False,1.0,0.0,0.0
320,0,0,0,7.25,22.0,False,True,False,False,True,0.0,0.0,1.0
321,0,0,0,7.8958,27.0,False,True,False,False,True,0.0,0.0,1.0
322,1,0,0,12.35,30.0,True,False,False,True,False,0.0,1.0,0.0
323,1,1,1,29.0,22.0,True,False,False,False,True,0.0,1.0,0.0
324,0,8,2,69.55,29.0,False,True,False,False,True,0.0,0.0,1.0
325,1,0,0,135.6333,36.0,True,False,True,False,False,1.0,0.0,0.0
326,0,0,0,6.2375,61.0,False,True,False,False,True,0.0,0.0,1.0
327,1,0,0,13.0,36.0,True,False,False,False,True,0.0,1.0,0.0
328,1,1,1,20.525,31.0,True,False,False,False,True,0.0,0.0,1.0
329,1,0,1,57.9792,16.0,True,False,True,False,False,1.0,0.0,0.0
330,1,2,0,23.25,14.537087415195415,True,False,False,True,False,0.0,0.0,1.0
331,0,0,0,28.5,45.5,False,True,False,False,True,1.0,0.0,0.0
332,0,0,1,153.4625,38.0,False,True,False,False,True,1.0,0.0,0.0
333,0,2,0,18.0,16.0,False,True,False,False,True,0.0,0.0,1.0
334,1,1,0,133.65,32.608926182217786,True,False,False,False,True,1.0,0.0,0.0
335,0,0,0,7.8958,29.100686973907298,False,True,False,False,True,0.0,0.0,1.0
336,0,1,0,66.6,29.0,False,True,False,False,True,1.0,0.0,0.0
337,1,0,0,134.5,41.0,True,False,True,False,False,1.0,0.0,0.0
338,1,0,0,8.05,45.0,False,True,False,False,True,0.0,0.0,1.0
339,0,0,0,35.5,45.0,False,True,False,False,True,1.0,0.0,0.0
340,1,1,1,26.0,2.0,False,True,False,False,True,0.0,1.0,0.0
341,1,3,2,263.0,24.0,True,False,False,False,True,1.0,0.0,0.0
342,0,0,0,13.0,28.0,False,True,False,False,True,0.0,1.0,0.0
343,0,0,0,13.0,25.0,False,True,False,False,True,0.0,1.0,0.0
344,0,0,0,13.0,36.0,False,True,False,False,True,0.0,1.0,0.0
345,1,0,0,13.0,24.0,True,False,False,False,True,0.0,1.0,0.0
346,1,0,0,13.0,40.0,True,False,False,False,True,0.0,1.0,0.0
347,1,1,0,16.1,18.59269495519299,True,False,False,False,True,0.0,0.0,1.0
348,1,1,1,15.9,3.0,False,True,False,False,True,0.0,0.0,1.0
349,0,0,0,8.6625,42.0,False,True,False,False,True,0.0,0.0,1.0
350,0,0,0,9.225,23.0,False,True,False,False,True,0.0,0.0,1.0
351,0,0,0,35.0,44.37651253830113,False,True,False,False,True,1.0,0.0,0.0
352,0,1,1,7.2292,15.0,False,True,True,False,False,0.0,0.0,1.0
353,0,1,0,17.8,25.0,False,True,False,False,True,0.0,0.0,1.0
354,0,0,0,7.225,29.110028876809448,False,True,True,False,False,0.0,0.0,1.0
355,0,0,0,9.5,28.0,False,True,False,False,True,0.0,0.0,1.0
356,1,0,1,55.0,22.0,True,False,False,False,True,1.0,0.0,0.0
357,0,0,0,13.0,38.0,True,False,False,False,True,0.0,1.0,0.0
358,1,0,0,7.8792,22.663215002089224,True,False,False,True,False,0.0,0.0,1.0
359,1,0,0,7.8792,22.663215002089224,True,False,False,True,False,0.0,0.0,1.0
360,0,1,4,27.9,40.0,False,True,False,False,True,0.0,0.0,1.0
361,0,1,0,27.7208,29.0,False,True,True,False,False,0.0,1.0,0.0
362,0,0,1,14.4542,45.0,True,False,True,False,False,0.0,0.0,1.0
363,0,0,0,7.05,35.0,False,True,False,False,True,0.0,0.0,1.0
364,0,1,0,15.5,25.038754013071685,False,True,False,True,False,0.0,0.0,1.0
365,0,0,0,7.25,30.0,False,True,False,False,True,0.0,0.0,1.0
366,1,1,0,75.25,60.0,True,False,True,False,False,1.0,0.0,0.0
367,1,0,0,7.2292,22.67226723358356,True,False,True,False,False,0.0,0.0,1.0
368,1,0,0,7.75,22.665014307180098,True,False,False,True,False,0.0,0.0,1.0
369,1,0,0,69.3,24.0,True,False,True,False,False,1.0,0.0,0.0
370,1,1,0,55.4417,25.0,False,True,True,False,False,1.0,0.0,0.0
371,0,1,0,6.4958,18.0,False,True,False,False,True,0.0,0.0,1.0
372,0,0,0,8.05,19.0,False,True,False,False,True,0.0,0.0,1.0
373,0,0,0,135.6333,22.0,False,True,True,False,False,1.0,0.0,0.0
374,0,3,1,21.075,3.0,True,False,False,False,True,0.0,0.0,1.0
375,1,1,0,82.1708,33.32585177536073,True,False,True,False,False,1.0,0.0,0.0
376,1,0,0,7.25,22.0,True,False,False,False,True,0.0,0.0,1.0
377,0,0,2,211.5,27.0,False,True,True,False,False,1.0,0.0,0.0
378,0,0,0,4.0125,20.0,False,True,True,False,False,0.0,0.0,1.0
379,0,0,0,7.775,19.0,False,True,False,False,True,0.0,0.0,1.0
380,1,0,0,227.525,42.0,True,False,True,False,False,1.0,0.0,0.0
381,1,0,2,15.7417,1.0,True,False,True,False,False,0.0,0.0,1.0
382,0,0,0,7.925,32.0,False,True,False,False,True,0.0,0.0,1.0
383,1,1,0,52.0,35.0,True,False,False,False,True,1.0,0.0,0.0
384,0,0,0,7.8958,29.100686973907298,False,True,False,False,True,0.0,0.0,1.0
385,0,0,0,73.5,18.0,False,True,False,False,True,0.0,1.0,0.0
386,0,5,2,46.9,1.0,False,True,False,False,True,0.0,0.0,1.0
387,1,0,0,13.0,36.0,True,False,False,False,True,0.0,1.0,0.0
388,0,0,0,7.7292,29.103007130471845,False,True,False,True,False,0.0,0.0,1.0
389,1,0,0,12.0,17.0,True,False,True,False,False,0.0,1.0,0.0
390,1,1,2,120.0,36.0,False,True,False,False,True,1.0,0.0,0.0
391,1,0,0,7.7958,21.0,False,True,False,False,True,0.0,0.0,1.0
392,0,2,0,7.925,28.0,False,True,False,False,True,0.0,0.0,1.0
393,1,1,0,113.275,23.0,True,False,True,False,False,1.0,0.0,0.0
394,1,0,2,16.7,24.0,True,False,False,False,True,0.0,0.0,1.0
395,0,0,0,7.7958,22.0,False,True,False,False,True,0.0,0.0,1.0
396,0,0,0,7.8542,31.0,True,False,False,False,True,0.0,0.0,1.0
397,0,0,0,26.0,46.0,False,True,False,False,True,0.0,1.0,0.0
398,0,0,0,10.5,23.0,False,True,False,False,True,0.0,1.0,0.0
399,1,0,0,12.65,28.0,True,False,False,False,True,0.0,1.0,0.0
400,1,0,0,7.925,39.0,False,True,False,False,True,0.0,0.0,1.0
401,0,0,0,8.05,26.0,False,True,False,False,True,0.0,0.0,1.0
402,0,1,0,9.825,21.0,True,False,False,False,True,0.0,0.0,1.0
403,0,1,0,15.85,28.0,False,True,False,False,True,0.0,0.0,1.0
404,0,0,0,8.6625,20.0,True,False,False,False,True,0.0,0.0,1.0
405,0,1,0,21.0,34.0,False,True,False,False,True,0.0,1.0,0.0
406,0,0,0,7.75,51.0,False,True,False,False,True,0.0,0.0,1.0
407,1,1,1,18.75,3.0,False,True,False,False,True,0.0,1.0,0.0
408,0,0,0,7.775,21.0,False,True,False,False,True,0.0,0.0,1.0
409,0,3,1,25.4667,16.153708292902856,True,False,False,False,True,0.0,0.0,1.0
410,0,0,0,7.8958,29.100686973907298,False,True,False,False,True,0.0,0.0,1.0
411,0,0,0,6.8583,29.115135728023247,False,True,False,True,False,0.0,0.0,1.0
412,1,1,0,90.0,33.0,True,False,False,True,False,1.0,0.0,0.0
413,0,0,0,0.0,37.03729414974612,False,True,False,False,True,0.0,1.0,0.0
414,1,0,0,7.925,44.0,False,True,False,False,True,0.0,0.0,1.0
415,0,0,0,8.05,29.098539506066643,True,False,False,False,True,0.0,0.0,1.0
416,1,1,1,32.5,34.0,True,False,False,False,True,0.0,1.0,0.0
417,1,0,2,13.0,18.0,True,False,False,False,True,0.0,1.0,0.0
418,0,0,0,13.0,30.0,False,True,False,False,True,0.0,1.0,0.0
419,0,0,2,24.15,10.0,True,False,False,False,True,0.0,0.0,1.0
420,0,0,0,7.8958,29.100686973907298,False,True,True,False,False,0.0,0.0,1.0
421,0,0,0,7.7333,21.0,False,True,False,True,False,0.0,0.0,1.0
422,0,0,0,7.875,29.0,False,True,False,False,True,0.0,0.0,1.0
423,0,1,1,14.4,28.0,True,False,False,False,True,0.0,0.0,1.0
424,0,1,1,20.2125,18.0,False,True,False,False,True,0.0,0.0,1.0
425,0,0,0,7.25,29.109680714059667,False,True,False,False,True,0.0,0.0,1.0
426,1,1,0,26.0,28.0,True,False,False,False,True,0.0,1.0,0.0
427,1,0,0,26.0,19.0,True,False,False,False,True,0.0,1.0,0.0
428,0,0,0,7.75,29.102717459064028,False,True,False,True,False,0.0,0.0,1.0
429,1,0,0,8.05,32.0,False,True,False,False,True,0.0,0.0,1.0
430,1,0,0,26.55,28.0,False,True,False,False,True,1.0,0.0,0.0
431,1,1,0,16.1,18.59269495519299,True,False,False,False,True,0.0,0.0,1.0
432,1,1,0,26.0,42.0,True,False,False,False,True,0.0,1.0,0.0
433,0,0,0,7.125,17.0,False,True,False,False,True,0.0,0.0,1.0
434,0,1,0,55.9,50.0,False,True,False,False,True,1.0,0.0,0.0
435,1,1,2,120.0,14.0,True,False,False,False,True,1.0,0.0,0.0
436,0,2,2,34.375,21.0,True,False,False,False,True,0.0,0.0,1.0
437,1,2,3,18.75,24.0,True,False,False,False,True,0.0,1.0,0.0
438,0,1,4,263.0,64.0,False,True,False,False,True,1.0,0.0,0.0
439,0,0,0,10.5,31.0,False,True,False,False,True,0.0,1.0,0.0
440,1,1,1,26.25,45.0,True,False,False,False,True,0.0,1.0,0.0
441,0,0,0,9.5,20.0,False,True,False,False,True,0.0,0.0,1.0
442,0,1,0,7.775,25.0,False,True,False,False,True,0.0,0.0,1.0
443,1,0,0,13.0,28.0,True,False,False,False,True,0.0,1.0,0.0
444,1,0,0,8.1125,22.65996594730826,False,True,False,False,True,0.0,0.0,1.0
445,1,0,2,81.8583,4.0,False,True,False,False,True,1.0,0.0,0.0
446,1,0,1,19.5,13.0,True,False,False,False,True,0.0,1.0,0.0
447,1,0,0,26.55,34.0,False,True,False,False,True,1.0,0.0,0.0
448,1,2,1,19.2583,5.0,True,False,True,False,False,0.0,0.0,1.0
449,1,0,0,30.5,52.0,False,True,False,False,True,1.0,0.0,0.0
450,0,1,2,27.75,36.0,False,True,False,False,True,0.0,1.0,0.0
451,0,1,0,19.9667,24.976548470893647,False,True,False,False,True,0.0,0.0,1.0
452,0,0,0,27.75,30.0,False,True,True,False,False,1.0,0.0,0.0
453,1,1,0,89.1042,49.0,False,True,True,False,False,1.0,0.0,0.0
454,0,0,0,8.05,29.098539506066643,False,True,False,False,True,0.0,0.0,1.0
455,1,0,0,7.8958,29.0,False,True,True,False,False,0.0,0.0,1.0
456,0,0,0,26.55,65.0,False,True,False,False,True,1.0,0.0,0.0
457,1,1,0,51.8625,33.74794061812935,True,False,False,False,True,1.0,0.0,0.0
458,1,0,0,10.5,50.0,True,False,False,False,True,0.0,1.0,0.0
459,0,0,0,7.75,29.102717459064028,False,True,False,True,False,0.0,0.0,1.0
460,1,0,0,26.55,48.0,False,True,False,False,True,1.0,0.0,0.0
461,0,0,0,8.05,34.0,False,True,False,False,True,0.0,0.0,1.0
462,0,0,0,38.5,47.0,False,True,False,False,True,1.0,0.0,0.0
463,0,0,0,13.0,48.0,False,True,False,False,True,0.0,1.0,0.0
464,0,0,0,8.05,29.098539506066643,False,True,False,False,True,0.0,0.0,1.0
465,0,0,0,7.05,38.0,False,True,False,False,True,0.0,0.0,1.0
466,0,0,0,0.0,37.03729414974612,False,True,False,False,True,0.0,1.0,0.0
467,0,0,0,26.55,56.0,False,True,False,False,True,1.0,0.0,0.0
468,0,0,0,7.725,29.10306562181381,False,True,False,True,False,0.0,0.0,1.0
469,1,2,1,19.2583,0.75,True,False,True,False,False,0.0,0.0,1.0
470,0,0,0,7.25,29.109680714059667,False,True,False,False,True,0.0,0.0,1.0
471,0,0,0,8.6625,38.0,False,True,False,False,True,0.0,0.0,1.0
472,1,1,2,27.75,33.0,True,False,False,False,True,0.0,1.0,0.0
473,1,0,0,13.7917,23.0,True,False,True,False,False,0.0,1.0,0.0
474,0,0,0,9.8375,22.0,True,False,False,False,True,0.0,0.0,1.0
475,0,0,0,52.0,44.13976186844943,False,True,False,False,True,1.0,0.0,0.0
476,0,1,0,21.0,34.0,False,True,False,False,True,0.0,1.0,0.0
477,0,1,0,7.0458,29.0,False,True,False,False,True,0.0,0.0,1.0
478,0,0,0,7.5208,22.0,False,True,False,False,True,0.0,0.0,1.0
479,1,0,1,12.2875,2.0,True,False,False,False,True,0.0,0.0,1.0
480,0,5,2,46.9,9.0,False,True,False,False,True,0.0,0.0,1.0
481,0,0,0,0.0,37.03729414974612,False,True,False,False,True,0.0,1.0,0.0
482,0,0,0,8.05,50.0,False,True,False,False,True,0.0,0.0,1.0
483,1,0,0,9.5875,63.0,True,False,False,False,True,0.0,0.0,1.0
484,1,1,0,91.0792,25.0,False,True,True,False,False,1.0,0.0,0.0
485,0,3,1,25.4667,16.153708292902856,True,False,False,False,True,0.0,0.0,1.0
486,1,1,0,90.0,35.0,True,False,False,False,True,1.0,0.0,0.0
487,0,0,0,29.7,58.0,False,True,True,False,False,1.0,0.0,0.0
488,0,0,0,8.05,30.0,False,True,False,False,True,0.0,0.0,1.0
489,1,1,1,15.9,9.0,False,True,False,False,True,0.0,0.0,1.0
490,0,1,0,19.9667,24.976548470893647,False,True,False,False,True,0.0,0.0,1.0
491,0,0,0,7.25,21.0,False,True,False,False,True,0.0,0.0,1.0
492,0,0,0,30.5,55.0,False,True,False,False,True,1.0,0.0,0.0
493,0,0,0,49.5042,29.0,False,True,True,False,False,1.0,0.0,0.0
494,0,0,0,8.05,21.0,False,True,False,False,True,0.0,0.0,1.0
495,0,0,0,14.4583,29.009294252089543,False,True,True,False,False,0.0,0.0,1.0
496,1,1,0,78.2667,54.0,True,False,True,False,False,1.0,0.0,0.0
497,0,0,0,15.1,29.000357610628143,False,True,False,False,True,0.0,0.0,1.0
498,0,1,2,151.55,25.0,True,False,False,False,True,1.0,0.0,0.0
499,0,0,0,7.7958,24.0,False,True,False,False,True,0.0,0.0,1.0
500,0,0,0,8.6625,17.0,False,True,False,False,True,0.0,0.0,1.0
501,0,0,0,7.75,21.0,True,False,False,True,False,0.0,0.0,1.0
502,0,0,0,7.6292,29.10439978147097,True,False,False,True,False,0.0,0.0,1.0
503,0,0,0,9.5875,37.0,True,False,False,False,True,0.0,0.0,1.0
504,1,0,0,86.5,16.0,True,False,False,False,True,1.0,0.0,0.0
505,0,1,0,108.9,18.0,False,True,True,False,False,1.0,0.0,0.0
506,1,0,2,26.0,33.0,True,False,False,False,True,0.0,1.0,0.0
507,1,0,0,26.55,38.05648839584349,False,True,False,False,True,1.0,0.0,0.0
508,0,0,0,22.525,28.0,False,True,False,False,True,0.0,0.0,1.0
509,1,0,0,56.4958,26.0,False,True,False,False,True,0.0,0.0,1.0
510,1,0,0,7.75,29.0,False,True,False,True,False,0.0,0.0,1.0
511,0,0,0,8.05,29.098539506066643,False,True,False,False,True,0.0,0.0,1.0
512,1,0,0,26.2875,36.0,False,True,False,False,True,1.0,0.0,0.0
513,1,1,0,59.4,54.0,True,False,True,False,False,1.0,0.0,0.0
514,0,0,0,7.4958,24.0,False,True,False,False,True,0.0,0.0,1.0
515,0,0,0,34.0208,47.0,False,True,False,False,True,1.0,0.0,0.0
516,1,0,0,10.5,34.0,True,False,False,False,True,0.0,1.0,0.0
517,0,0,0,24.15,28.874322695207088,False,True,False,True,False,0.0,0.0,1.0
518,1,1,0,26.0,36.0,True,False,False,False,True,0.0,1.0,0.0
519,0,0,0,7.8958,32.0,False,True,False,False,True,0.0,0.0,1.0
520,1,0,0,93.5,30.0,True,False,False,False,True,1.0,0.0,0.0
521,0,0,0,7.8958,22.0,False,True,False,False,True,0.0,0.0,1.0
522,0,0,0,7.225,29.110028876809448,False,True,True,False,False,0.0,0.0,1.0
523,1,0,1,57.9792,44.0,True,False,True,False,False,1.0,0.0,0.0
524,0,0,0,7.2292,29.109970385467484,False,True,True,False,False,0.0,0.0,1.0
525,0,0,0,7.75,40.5,False,True,False,True,False,0.0,0.0,1.0
526,1,0,0,10.5,50.0,True,False,False,False,True,0.0,1.0,0.0
527,0,0,0,221.7792,41.77533014333843,False,True,False,False,True,1.0,0.0,0.0
528,0,0,0,7.925,39.0,False,True,False,False,True,0.0,0.0,1.0
529,0,2,1,11.5,23.0,False,True,False,False,True,0.0,1.0,0.0
530,1,1,1,26.0,2.0,True,False,False,False,True,0.0,1.0,0.0
531,0,0,0,7.2292,29.109970385467484,False,True,True,False,False,0.0,0.0,1.0
532,0,1,1,7.2292,17.0,False,True,True,False,False,0.0,0.0,1.0
533,1,0,2,22.3583,20.79321489943677,True,False,True,False,False,0.0,0.0,1.0
534,0,0,0,8.6625,30.0,True,False,False,False,True,0.0,0.0,1.0
535,1,0,2,26.25,7.0,True,False,False,False,True,0.0,1.0,0.0
536,0,0,0,26.55,45.0,False,True,False,False,True,1.0,0.0,0.0
537,1,0,0,106.425,30.0,True,False,True,False,False,1.0,0.0,0.0
538,0,0,0,14.5,29.008713516622908,False,True,False,False,True,0.0,0.0,1.0
539,1,0,2,49.5,22.0,True,False,True,False,False,1.0,0.0,0.0
540,1,0,2,71.0,36.0,True,False,False,False,True,1.0,0.0,0.0
541,0,4,2,31.275,9.0,True,False,False,False,True,0.0,0.0,1.0
542,0,4,2,31.275,11.0,True,False,False,False,True,0.0,0.0,1.0
543,1,1,0,26.0,32.0,False,True,False,False,True,0.0,1.0,0.0
544,0,1,0,106.425,50.0,False,True,True,False,False,1.0,0.0,0.0
545,0,0,0,26.0,64.0,False,True,False,False,True,1.0,0.0,0.0
546,1,1,0,26.0,19.0,True,False,False,False,True,0.0,1.0,0.0
547,1,0,0,13.8625,30.40653475310812,False,True,True,False,False,0.0,1.0,0.0
548,0,1,1,20.525,33.0,False,True,False,False,True,0.0,0.0,1.0
549,1,1,1,36.75,8.0,False,True,False,False,True,0.0,1.0,0.0
550,1,0,2,110.8833,17.0,False,True,True,False,False,1.0,0.0,0.0
551,0,0,0,26.0,27.0,False,True,False,False,True,0.0,1.0,0.0
552,0,0,0,7.8292,29.10161447947272,False,True,False,True,False,0.0,0.0,1.0
553,1,0,0,7.225,22.0,False,True,True,False,False,0.0,0.0,1.0
554,1,0,0,7.775,22.0,True,False,False,False,True,0.0,0.0,1.0
555,0,0,0,26.55,62.0,False,True,False,False,True,1.0,0.0,0.0
556,1,1,0,39.6,48.0,True,False,True,False,False,1.0,0.0,0.0
557,0,0,0,227.525,41.69531120223056,False,True,True,False,False,1.0,0.0,0.0
558,1,1,1,79.65,39.0,True,False,False,False,True,1.0,0.0,0.0
559,1,1,0,17.4,36.0,True,False,False,False,True,0.0,0.0,1.0
560,0,0,0,7.75,29.102717459064028,False,True,False,True,False,0.0,0.0,1.0
561,0,0,0,7.8958,40.0,False,True,False,False,True,0.0,0.0,1.0
562,0,0,0,13.5,28.0,False,True,False,False,True,0.0,1.0,0.0
563,0,0,0,8.05,29.098539506066643,False,True,False,False,True,0.0,0.0,1.0
564,0,0,0,8.05,29.098539506066643,True,False,False,False,True,0.0,0.0,1.0
565,0,2,0,24.15,24.0,False,True,False,False,True,0.0,0.0,1.0
566,0,0,0,7.8958,19.0,False,True,False,False,True,0.0,0.0,1.0
567,0,0,4,21.075,29.0,True,False,False,False,True,0.0,0.0,1.0
568,0,0,0,7.2292,29.109970385467484,False,True,True,False,False,0.0,0.0,1.0
569,1,0,0,7.8542,32.0,False,True,False,False,True,0.0,0.0,1.0
570,1,0,0,10.5,62.0,False,True,False,False,True,0.0,1.0,0.0
571,1,2,0,51.4792,53.0,True,False,False,False,True,1.0,0.0,0.0
572,1,0,0,26.3875,36.0,False,True,False,False,True,1.0,0.0,0.0
573,1,0,0,7.75,22.665014307180098,True,False,False,True,False,0.0,0.0,1.0
574,0,0,0,8.05,16.0,False,True,False,False,True,0.0,0.0,1.0
575,0,0,0,14.5,19.0,False,True,False,False,True,0.0,0.0,1.0
576,1,0,0,13.0,34.0,True,False,False,False,True,0.0,1.0,0.0
577,1,1,0,55.9,39.0,True,False,False,False,True,1.0,0.0,0.0
578,0,1,0,14.4583,25.0532612585296,True,False,True,False,False,0.0,0.0,1.0
579,1,0,0,7.925,32.0,False,True,False,False,True,0.0,0.0,1.0
580,1,1,1,30.0,25.0,True,False,False,False,True,0.0,1.0,0.0
581,1,1,1,110.8833,39.0,True,False,True,False,False,1.0,0.0,0.0
582,0,0,0,26.0,54.0,False,True,False,False,True,0.0,1.0,0.0
583,0,0,0,40.125,36.0,False,True,True,False,False,1.0,0.0,0.0
584,0,0,0,8.7125,29.089313193197423,False,True,True,False,False,0.0,0.0,1.0
585,1,0,2,79.65,18.0,True,False,False,False,True,1.0,0.0,0.0
586,0,0,0,15.0,47.0,False,True,False,False,True,0.0,1.0,0.0
587,1,1,1,79.2,60.0,False,True,True,False,False,1.0,0.0,0.0
588,0,0,0,8.05,22.0,False,True,False,False,True,0.0,0.0,1.0
589,0,0,0,8.05,29.098539506066643,False,True,False,False,True,0.0,0.0,1.0
590,0,0,0,7.125,35.0,False,True,False,False,True,0.0,0.0,1.0
591,1,1,0,78.2667,52.0,True,False,True,False,False,1.0,0.0,0.0
592,0,0,0,7.25,47.0,False,True,False,False,True,0.0,0.0,1.0
593,0,0,2,7.75,27.434360687226267,True,False,False,True,False,0.0,0.0,1.0
594,0,1,0,26.0,37.0,False,True,False,False,True,0.0,1.0,0.0
595,0,1,1,24.15,36.0,False,True,False,False,True,0.0,0.0,1.0
596,1,0,0,33.0,30.14001616815005,True,False,False,False,True,0.0,1.0,0.0
597,0,0,0,0.0,49.0,False,True,False,False,True,0.0,0.0,1.0
598,0,0,0,7.225,29.110028876809448,False,True,True,False,False,0.0,0.0,1.0
599,1,1,0,56.9292,49.0,False,True,True,False,False,1.0,0.0,0.0
600,1,2,1,27.0,24.0,True,False,False,False,True,0.0,1.0,0.0
601,0,0,0,7.8958,29.100686973907298,False,True,False,False,True,0.0,0.0,1.0
602,0,0,0,42.4,44.27345636436568,False,True,False,False,True,1.0,0.0,0.0
603,0,0,0,8.05,44.0,False,True,False,False,True,0.0,0.0,1.0
604,1,0,0,26.55,35.0,False,True,True,False,False,1.0,0.0,0.0
605,0,1,0,15.55,36.0,False,True,False,False,True,0.0,0.0,1.0
606,0,0,0,7.8958,30.0,False,True,False,False,True,0.0,0.0,1.0
607,1,0,0,30.5,27.0,False,True,False,False,True,1.0,0.0,0.0
608,1,1,2,41.5792,22.0,True,False,True,False,False,0.0,1.0,0.0
609,1,0,0,153.4625,40.0,True,False,False,False,True,1.0,0.0,0.0
610,0,1,5,31.275,39.0,True,False,False,False,True,0.0,0.0,1.0
611,0,0,0,7.05,29.112466016057923,False,True,False,False,True,0.0,0.0,1.0
612,1,1,0,15.5,18.60105086118776,True,False,False,True,False,0.0,0.0,1.0
613,0,0,0,7.75,29.102717459064028,False,True,False,True,False,0.0,0.0,1.0
614,0,0,0,8.05,35.0,False,True,False,False,True,0.0,0.0,1.0
615,1,1,2,65.0,24.0,True,False,False,False,True,0.0,1.0,0.0
616,0,1,1,14.4,34.0,False,True,False,False,True,0.0,0.0,1.0
617,0,1,0,16.1,26.0,True,False,False,False,True,0.0,0.0,1.0
618,1,2,1,39.0,4.0,True,False,False,False,True,0.0,1.0,0.0
619,0,0,0,10.5,26.0,False,True,False,False,True,0.0,1.0,0.0
620,0,1,0,14.4542,27.0,False,True,True,False,False,0.0,0.0,1.0
621,1,1,0,52.5542,42.0,False,True,False,False,True,1.0,0.0,0.0
622,1,1,1,15.7417,20.0,False,True,True,False,False,0.0,0.0,1.0
623,0,0,0,7.8542,21.0,False,True,False,False,True,0.0,0.0,1.0
624,0,0,0,16.1,21.0,False,True,False,False,True,0.0,0.0,1.0
625,0,0,0,32.3208,61.0,False,True,False,False,True,1.0,0.0,0.0
626,0,0,0,12.35,57.0,False,True,False,True,False,0.0,1.0,0.0
627,1,0,0,77.9583,21.0,True,False,False,False,True,1.0,0.0,0.0
628,0,0,0,7.8958,26.0,False,True,False,False,True,0.0,0.0,1.0
629,0,0,0,7.7333,29.10295003178088,False,True,False,True,False,0.0,0.0,1.0
630,1,0,0,30.0,29.0,False,True,False,False,True,1.0,0.0,0.0
631,0,0,0,7.0542,51.0,False,True,False,False,True,0.0,0.0,1.0
632,1,0,0,30.5,32.0,False,True,True,False,False,1.0,0.0,0.0
633,0,0,0,0.0,44.86394038799582,False,True,False,False,True,1.0,0.0,0.0
634,0,3,2,27.9,9.0,True,False,False,False,True,0.0,0.0,1.0
635,1,0,0,13.0,28.0,True,False,False,False,True,0.0,1.0,0.0
636,0,0,0,7.925,32.0,False,True,False,False,True,0.0,0.0,1.0
637,0,1,1,26.25,31.0,False,True,False,False,True,0.0,1.0,0.0
638,0,0,5,39.6875,41.0,True,False,False,False,True,0.0,0.0,1.0
639,0,1,0,16.1,25.03039810707692,False,True,False,False,True,0.0,0.0,1.0
640,0,0,0,7.8542,20.0,False,True,False,False,True,0.0,0.0,1.0
641,1,0,0,69.3,24.0,True,False,True,False,False,1.0,0.0,0.0
642,0,3,2,27.9,2.0,True,False,False,False,True,0.0,0.0,1.0
643,1,0,0,56.4958,21.98615543644732,False,True,False,False,True,0.0,0.0,1.0
644,1,2,1,19.2583,0.75,True,False,True,False,False,0.0,0.0,1.0
645,1,1,0,76.7292,48.0,False,True,True,False,False,1.0,0.0,0.0
646,0,0,0,7.8958,19.0,False,True,False,False,True,0.0,0.0,1.0
647,1,0,0,35.5,56.0,False,True,True,False,False,1.0,0.0,0.0
648,0,0,0,7.55,29.105502761062283,False,True,False,False,True,0.0,0.0,1.0
649,1,0,0,7.55,23.0,True,False,False,False,True,0.0,0.0,1.0
650,0,0,0,7.8958,29.100686973907298,False,True,False,False,True,0.0,0.0,1.0
651,1,0,1,23.0,18.0,True,False,False,False,True,0.0,1.0,0.0
652,0,0,0,8.4333,21.0,False,True,False,False,True,0.0,0.0,1.0
653,1,0,0,7.8292,22.66391132758879,True,False,False,True,False,0.0,0.0,1.0
654,0,0,0,6.75,18.0,True,False,False,True,False,0.0,0.0,1.0
655,0,2,0,73.5,24.0,False,True,False,False,True,0.0,1.0,0.0
656,0,0,0,7.8958,29.100686973907298,False,True,False,False,True,0.0,0.0,1.0
657,0,1,1,15.5,32.0,True,False,False,True,False,0.0,0.0,1.0
658,0,0,0,13.0,23.0,False,True,False,False,True,0.0,1.0,0.0
659,0,0,2,113.275,58.0,False,True,True,False,False,1.0,0.0,0.0
660,1,2,0,133.65,50.0,False,True,False,False,True,1.0,0.0,0.0
661,0,0,0,7.225,40.0,False,True,True,False,False,0.0,0.0,1.0
662,0,0,0,25.5875,47.0,False,True,False,False,True,1.0,0.0,0.0
663,0,0,0,7.4958,36.0,False,True,False,False,True,0.0,0.0,1.0
664,1,1,0,7.925,20.0,False,True,False,False,True,0.0,0.0,1.0
665,0,2,0,73.5,32.0,False,True,False,False,True,0.0,1.0,0.0
666,0,0,0,13.0,25.0,False,True,False,False,True,0.0,1.0,0.0
667,0,0,0,7.775,29.102369296314244,False,True,False,False,True,0.0,0.0,1.0
668,0,0,0,8.05,43.0,False,True,False,False,True,0.0,0.0,1.0
669,1,1,0,52.0,33.746025723005545,True,False,False,False,True,1.0,0.0,0.0
670,1,1,1,39.0,40.0,True,False,False,False,True,0.0,1.0,0.0
671,0,1,0,52.0,31.0,False,True,False,False,True,1.0,0.0,0.0
672,0,0,0,10.5,70.0,False,True,False,False,True,0.0,1.0,0.0
673,1,0,0,13.0,31.0,False,True,False,False,True,0.0,1.0,0.0
674,0,0,0,0.0,37.03729414974612,False,True,False,False,True,0.0,1.0,0.0
675,0,0,0,7.775,18.0,False,True,False,False,True,0.0,0.0,1.0
676,0,0,0,8.05,24.5,False,True,False,False,True,0.0,0.0,1.0
677,1,0,0,9.8417,18.0,True,False,False,False,True,0.0,0.0,1.0
678,0,1,6,46.9,43.0,True,False,False,False,True,0.0,0.0,1.0
679,1,0,1,512.3292,36.0,False,True,True,False,False,1.0,0.0,0.0
680,0,0,0,8.1375,29.097320936442408,True,False,False,True,False,0.0,0.0,1.0
681,1,0,0,76.7292,27.0,False,True,True,False,False,1.0,0.0,0.0
682,0,0,0,9.225,20.0,False,True,False,False,True,0.0,0.0,1.0
683,0,5,2,46.9,14.0,False,True,False,False,True,0.0,0.0,1.0
684,0,1,1,39.0,60.0,False,True,False,False,True,0.0,1.0,0.0
685,0,1,2,41.5792,25.0,False,True,True,False,False,0.0,1.0,0.0
686,0,4,1,39.6875,14.0,False,True,False,False,True,0.0,0.0,1.0
687,0,0,0,10.1708,19.0,False,True,False,False,True,0.0,0.0,1.0
688,0,0,0,7.7958,18.0,False,True,False,False,True,0.0,0.0,1.0
689,1,0,1,211.3375,15.0,True,False,False,False,True,1.0,0.0,0.0
690,1,1,0,57.0,31.0,False,True,False,False,True,1.0,0.0,0.0
691,1,0,1,13.4167,4.0,True,False,True,False,False,0.0,0.0,1.0
692,1,0,0,56.4958,21.98615543644732,False,True,False,False,True,0.0,0.0,1.0
693,0,0,0,7.225,25.0,False,True,True,False,False,0.0,0.0,1.0
694,0,0,0,26.55,60.0,False,True,False,False,True,1.0,0.0,0.0
695,0,0,0,13.5,52.0,False,True,False,False,True,0.0,1.0,0.0
696,0,0,0,8.05,44.0,False,True,False,False,True,0.0,0.0,1.0
697,1,0,0,7.7333,22.665246879896955,True,False,False,True,False,0.0,0.0,1.0
698,0,1,1,110.8833,49.0,False,True,True,False,False,1.0,0.0,0.0
699,0,0,0,7.65,42.0,False,True,False,False,True,0.0,0.0,1.0
700,1,1,0,227.525,18.0,True,False,True,False,False,1.0,0.0,0.0
701,1,0,0,26.2875,35.0,False,True,False,False,True,1.0,0.0,0.0
702,0,0,1,14.4542,18.0,True,False,True,False,False,0.0,0.0,1.0
703,0,0,0,7.7417,25.0,False,True,False,True,False,0.0,0.0,1.0
704,0,1,0,7.8542,26.0,False,True,False,False,True,0.0,0.0,1.0
705,0,0,0,26.0,39.0,False,True,False,False,True,0.0,1.0,0.0
706,1,0,0,13.5,45.0,True,False,False,False,True,0.0,1.0,0.0
707,1,0,0,26.2875,42.0,False,True,False,False,True,1.0,0.0,0.0
708,1,0,0,151.55,22.0,True,False,False,False,True,1.0,0.0,0.0
709,1,1,1,15.2458,17.770412594108656,False,True,True,False,False,0.0,0.0,1.0
710,1,0,0,49.5042,24.0,True,False,True,False,False,1.0,0.0,0.0
711,0,0,0,26.55,44.49419154772742,False,True,False,False,True,1.0,0.0,0.0
712,1,1,0,52.0,48.0,False,True,False,False,True,1.0,0.0,0.0
713,0,0,0,9.4833,29.0,False,True,False,False,True,0.0,0.0,1.0
714,0,0,0,13.0,52.0,False,True,False,False,True,0.0,1.0,0.0
715,0,0,0,7.65,19.0,False,True,False,False,True,0.0,0.0,1.0
716,1,0,0,227.525,38.0,True,False,True,False,False,1.0,0.0,0.0
717,1,0,0,10.5,27.0,True,False,False,False,True,0.0,1.0,0.0
718,0,0,0,15.5,28.99478700663164,False,True,False,True,False,0.0,0.0,1.0
719,0,0,0,7.775,33.0,False,True,False,False,True,0.0,0.0,1.0
720,1,0,1,33.0,6.0,True,False,False,False,True,0.0,1.0,0.0
721,0,1,0,7.0542,17.0,False,True,False,False,True,0.0,0.0,1.0
722,0,0,0,13.0,34.0,False,True,False,False,True,0.0,1.0,0.0
723,0,0,0,13.0,50.0,False,True,False,False,True,0.0,1.0,0.0
724,1,1,0,53.1,27.0,False,True,False,False,True,1.0,0.0,0.0
725,0,0,0,8.6625,20.0,False,True,False,False,True,0.0,0.0,1.0
726,1,3,0,21.0,30.0,True,False,False,False,True,0.0,1.0,0.0
727,1,0,0,7.7375,22.665188388554988,True,False,False,True,False,0.0,0.0,1.0
728,0,1,0,26.0,25.0,False,True,False,False,True,0.0,1.0,0.0
729,0,1,0,7.925,25.0,True,False,False,False,True,0.0,0.0,1.0
730,1,0,0,211.3375,29.0,True,False,False,False,True,1.0,0.0,0.0
731,0,0,0,18.7875,11.0,False,True,True,False,False,0.0,0.0,1.0
732,0,0,0,0.0,37.03729414974612,False,True,False,False,True,0.0,1.0,0.0
733,0,0,0,13.0,23.0,False,True,False,False,True,0.0,1.0,0.0
734,0,0,0,13.0,23.0,False,True,False,False,True,0.0,1.0,0.0
735,0,0,0,16.1,28.5,False,True,False,False,True,0.0,0.0,1.0
736,0,1,3,34.375,48.0,True,False,False,False,True,0.0,0.0,1.0
737,1,0,0,512.3292,35.0,False,True,True,False,False,1.0,0.0,0.0
738,0,0,0,7.8958,29.100686973907298,False,True,False,False,True,0.0,0.0,1.0
739,0,0,0,7.8958,29.100686973907298,False,True,False,False,True,0.0,0.0,1.0
740,1,0,0,30.0,38.00844193637359,False,True,False,False,True,1.0,0.0,0.0
741,0,1,0,78.85,36.0,False,True,False,False,True,1.0,0.0,0.0
742,1,2,2,262.375,21.0,True,False,True,False,False,1.0,0.0,0.0
743,0,1,0,16.1,24.0,False,True,False,False,True,0.0,0.0,1.0
744,1,0,0,7.925,31.0,False,True,False,False,True,0.0,0.0,1.0
745,0,1,1,71.0,70.0,False,True,False,False,True,1.0,0.0,0.0
746,0,1,1,20.25,16.0,False,True,False,False,True,0.0,0.0,1.0
747,1,0,0,13.0,30.0,True,False,False,False,True,0.0,1.0,0.0
748,0,1,0,53.1,19.0,False,True,False,False,True,1.0,0.0,0.0
749,0,0,0,7.75,31.0,False,True,False,True,False,0.0,0.0,1.0
750,1,1,1,23.0,4.0,True,False,False,False,True,0.0,1.0,0.0
751,1,0,1,12.475,6.0,False,True,False,False,True,0.0,0.0,1.0
752,0,0,0,9.5,33.0,False,True,False,False,True,0.0,0.0,1.0
753,0,0,0,7.8958,23.0,False,True,False,False,True,0.0,0.0,1.0
754,1,1,2,65.0,48.0,True,False,False,False,True,0.0,1.0,0.0
755,1,1,1,14.5,0.67,False,True,False,False,True,0.0,1.0,0.0
756,0,0,0,7.7958,28.0,False,True,False,False,True,0.0,0.0,1.0
757,0,0,0,11.5,18.0,False,True,False,False,True,0.0,1.0,0.0
758,0,0,0,8.05,34.0,False,True,False,False,True,0.0,0.0,1.0
759,1,0,0,86.5,33.0,True,False,False,False,True,1.0,0.0,0.0
760,0,0,0,14.5,29.008713516622908,False,True,False,False,True,0.0,0.0,1.0
761,0,0,0,7.125,41.0,False,True,False,False,True,0.0,0.0,1.0
762,1,0,0,7.2292,20.0,False,True,True,False,False,0.0,0.0,1.0
763,1,1,2,120.0,36.0,True,False,False,False,True,1.0,0.0,0.0
764,0,0,0,7.775,16.0,False,True,False,False,True,0.0,0.0,1.0
765,1,1,0,77.9583,51.0,True,False,False,False,True,1.0,0.0,0.0
766,0,0,0,39.6,44.31245059234126,False,True,True,False,False,1.0,0.0,0.0
767,0,0,0,7.75,30.5,True,False,False,True,False,0.0,0.0,1.0
768,0,1,0,24.15,24.91828970164714,False,True,False,True,False,0.0,0.0,1.0
769,0,0,0,8.3625,32.0,False,True,False,False,True,0.0,0.0,1.0
770,0,0,0,9.5,24.0,False,True,False,False,True,0.0,0.0,1.0
771,0,0,0,7.8542,48.0,False,True,False,False,True,0.0,0.0,1.0
772,0,0,0,10.5,57.0,True,False,False,False,True,0.0,1.0,0.0
773,0,0,0,7.225,29.110028876809448,False,True,True,False,False,0.0,0.0,1.0
774,1,1,3,23.0,54.0,True,False,False,False,True,0.0,1.0,0.0
775,0,0,0,7.75,18.0,False,True,False,False,True,0.0,0.0,1.0
776,0,0,0,7.75,29.102717459064028,False,True,False,True,False,0.0,0.0,1.0
777,1,0,0,12.475,5.0,True,False,False,False,True,0.0,0.0,1.0
778,0,0,0,7.7375,29.10289154043892,False,True,False,True,False,0.0,0.0,1.0
779,1,0,1,211.3375,43.0,True,False,False,False,True,1.0,0.0,0.0
780,1,0,0,7.2292,13.0,True,False,True,False,False,0.0,0.0,1.0
781,1,1,0,57.0,17.0,True,False,False,False,True,1.0,0.0,0.0
782,0,0,0,30.0,29.0,False,True,False,False,True,1.0,0.0,0.0
783,0,1,2,23.45,23.25968148680328,False,True,False,False,True,0.0,0.0,1.0
784,0,0,0,7.05,25.0,False,True,False,False,True,0.0,0.0,1.0
785,0,0,0,7.25,25.0,False,True,False,False,True,0.0,0.0,1.0
786,1,0,0,7.4958,18.0,True,False,False,False,True,0.0,0.0,1.0
787,0,4,1,29.125,8.0,False,True,False,True,False,0.0,0.0,1.0
788,1,1,2,20.575,1.0,False,True,False,False,True,0.0,0.0,1.0
789,0,0,0,79.2,46.0,False,True,True,False,False,1.0,0.0,0.0
790,0,0,0,7.75,29.102717459064028,False,True,False,True,False,0.0,0.0,1.0
791,0,0,0,26.0,16.0,False,True,False,False,True,0.0,1.0,0.0
792,0,8,2,69.55,29.0,True,False,False,False,True,0.0,0.0,1.0
793,0,0,0,30.6958,44.43645502260559,False,True,True,False,False,1.0,0.0,0.0
794,0,0,0,7.8958,25.0,False,True,False,False,True,0.0,0.0,1.0
795,0,0,0,13.0,39.0,False,True,False,False,True,0.0,1.0,0.0
796,1,0,0,25.9292,49.0,True,False,False,False,True,1.0,0.0,0.0
797,1,0,0,8.6833,31.0,True,False,False,False,True,0.0,0.0,1.0
798,0,0,0,7.2292,30.0,False,True,True,False,False,0.0,0.0,1.0
799,0,1,1,24.15,30.0,True,False,False,False,True,0.0,0.0,1.0
800,0,0,0,13.0,34.0,False,True,False,False,True,0.0,1.0,0.0
801,1,1,1,26.25,31.0,True,False,False,False,True,0.0,1.0,0.0
802,1,1,2,120.0,11.0,False,True,False,False,True,1.0,0.0,0.0
803,1,0,1,8.5167,0.42,False,True,True,False,False,0.0,0.0,1.0
804,1,0,0,6.975,27.0,False,True,False,False,True,0.0,0.0,1.0
805,0,0,0,7.775,31.0,False,True,False,False,True,0.0,0.0,1.0
806,0,0,0,0.0,39.0,False,True,False,False,True,1.0,0.0,0.0
807,0,0,0,7.775,18.0,True,False,False,False,True,0.0,0.0,1.0
808,0,0,0,13.0,39.0,False,True,False,False,True,0.0,1.0,0.0
809,1,1,0,53.1,33.0,True,False,False,False,True,1.0,0.0,0.0
810,0,0,0,7.8875,26.0,False,True,False,False,True,0.0,0.0,1.0
811,0,0,0,24.15,39.0,False,True,False,False,True,0.0,0.0,1.0
812,0,0,0,10.5,35.0,False,True,False,False,True,0.0,1.0,0.0
813,0,4,2,31.275,6.0,True,False,False,False,True,0.0,0.0,1.0
814,0,0,0,8.05,30.5,False,True,False,False,True,0.0,0.0,1.0
815,0,0,0,0.0,44.86394038799582,False,True,False,False,True,1.0,0.0,0.0
816,0,0,0,7.925,23.0,True,False,False,False,True,0.0,0.0,1.0
817,0,1,1,37.0042,31.0,False,True,True,False,False,0.0,1.0,0.0
818,0,0,0,6.45,43.0,False,True,False,False,True,0.0,0.0,1.0
819,0,3,2,27.9,10.0,False,True,False,False,True,0.0,0.0,1.0
820,1,1,1,93.5,52.0,True,False,False,False,True,1.0,0.0,0.0
821,1,0,0,8.6625,27.0,False,True,False,False,True,0.0,0.0,1.0
822,0,0,0,0.0,38.0,False,True,False,False,True,1.0,0.0,0.0
823,1,0,1,12.475,27.0,True,False,False,False,True,0.0,0.0,1.0
824,0,4,1,39.6875,2.0,False,True,False,False,True,0.0,0.0,1.0
825,0,0,0,6.95,29.11385866705705,False,True,False,True,False,0.0,0.0,1.0
826,0,0,0,56.4958,28.42385858833124,False,True,False,False,True,0.0,0.0,1.0
827,1,0,2,37.0042,1.0,False,True,True,False,False,0.0,1.0,0.0
828,1,0,0,7.75,22.665014307180098,False,True,False,True,False,0.0,0.0,1.0
829,1,0,0,80.0,62.0,True,False,False,False,False,1.0,0.0,0.0
830,1,1,0,14.4542,15.0,True,False,True,False,False,0.0,0.0,1.0
831,1,1,1,18.75,0.83,False,True,False,False,True,0.0,1.0,0.0
832,0,0,0,7.2292,29.109970385467484,False,True,True,False,False,0.0,0.0,1.0
833,0,0,0,7.8542,23.0,False,True,False,False,True,0.0,0.0,1.0
834,0,0,0,8.3,18.0,False,True,False,False,True,0.0,0.0,1.0
835,1,1,1,83.1583,39.0,True,False,True,False,False,1.0,0.0,0.0
836,0,0,0,8.6625,21.0,False,True,False,False,True,0.0,0.0,1.0
837,0,0,0,8.05,29.098539506066643,False,True,False,False,True,0.0,0.0,1.0
838,1,0,0,56.4958,32.0,False,True,False,False,True,0.0,0.0,1.0
839,1,0,0,29.7,38.01261988937097,False,True,True,False,False,1.0,0.0,0.0
840,0,0,0,7.925,20.0,False,True,False,False,True,0.0,0.0,1.0
841,0,0,0,10.5,16.0,False,True,False,False,True,0.0,1.0,0.0
842,1,0,0,31.0,30.0,True,False,True,False,False,1.0,0.0,0.0
843,0,0,0,6.4375,34.5,False,True,True,False,False,0.0,0.0,1.0
844,0,0,0,8.6625,17.0,False,True,False,False,True,0.0,0.0,1.0
845,0,0,0,7.55,42.0,False,True,False,False,True,0.0,0.0,1.0
846,0,8,2,69.55,29.0,False,True,False,False,True,0.0,0.0,1.0
847,0,0,0,7.8958,35.0,False,True,True,False,False,0.0,0.0,1.0
848,0,0,1,33.0,28.0,False,True,False,False,True,0.0,1.0,0.0
849,1,1,0,89.1042,33.22929371098721,True,False,True,False,False,1.0,0.0,0.0
850,0,4,2,31.275,4.0,False,True,False,False,True,0.0,0.0,1.0
851,0,0,0,7.775,29.0,False,True,False,False,True,0.0,0.0,1.0
852,0,1,1,15.2458,9.0,True,False,True,False,False,0.0,0.0,1.0
853,1,0,1,39.4,16.0,True,False,False,False,True,1.0,0.0,0.0
854,0,1,0,26.0,44.0,True,False,False,False,True,0.0,1.0,0.0
855,1,0,1,9.35,18.0,True,False,False,False,True,0.0,0.0,1.0
856,1,1,1,164.8667,45.0,True,False,False,False,True,1.0,0.0,0.0
857,1,0,0,26.55,51.0,False,True,False,False,True,1.0,0.0,0.0
858,1,0,3,19.2583,24.0,True,False,True,False,False,0.0,0.0,1.0
859,0,0,0,7.2292,29.109970385467484,False,True,True,False,False,0.0,0.0,1.0
860,0,2,0,14.1083,41.0,False,True,False,False,True,0.0,0.0,1.0
861,0,1,0,11.5,21.0,False,True,False,False,True,0.0,1.0,0.0
862,1,0,0,25.9292,48.0,True,False,False,False,True,1.0,0.0,0.0
863,0,8,2,69.55,29.0,True,False,False,False,True,0.0,0.0,1.0
864,0,0,0,13.0,24.0,False,True,False,False,True,0.0,1.0,0.0
865,1,0,0,13.0,42.0,True,False,False,False,True,0.0,1.0,0.0
866,1,1,0,13.8583,27.0,True,False,True,False,False,0.0,1.0,0.0
867,0,0,0,50.4958,31.0,False,True,False,False,True,1.0,0.0,0.0
868,0,0,0,9.5,29.078346066579293,False,True,False,False,True,0.0,0.0,1.0
869,1,1,1,11.1333,4.0,False,True,False,False,True,0.0,0.0,1.0
870,0,0,0,7.8958,26.0,False,True,False,False,True,0.0,0.0,1.0
871,1,1,1,52.5542,47.0,True,False,False,False,True,1.0,0.0,0.0
872,0,0,0,5.0,33.0,False,True,False,False,True,1.0,0.0,0.0
873,0,0,0,9.0,47.0,False,True,False,False,True,0.0,0.0,1.0
874,1,1,0,24.0,28.0,True,False,True,False,False,0.0,1.0,0.0
875,1,0,0,7.225,15.0,True,False,True,False,False,0.0,0.0,1.0
876,0,0,0,9.8458,20.0,False,True,False,False,True,0.0,0.0,1.0
877,0,0,0,7.8958,19.0,False,True,False,False,True,0.0,0.0,1.0
878,0,0,0,7.8958,29.100686973907298,False,True,False,False,True,0.0,0.0,1.0
879,1,0,1,83.1583,56.0,True,False,True,False,False,1.0,0.0,0.0
880,1,0,1,26.0,25.0,True,False,False,False,True,0.0,1.0,0.0
881,0,0,0,7.8958,33.0,False,True,False,False,True,0.0,0.0,1.0
882,0,0,0,10.5167,22.0,True,False,False,False,True,0.0,0.0,1.0
883,0,0,0,10.5,28.0,False,True,False,False,True,0.0,1.0,0.0
884,0,0,0,7.05,25.0,False,True,False,False,True,0.0,0.0,1.0
885,0,0,5,29.125,39.0,True,False,False,True,False,0.0,0.0,1.0
886,0,0,0,13.0,27.0,False,True,False,False,True,0.0,1.0,0.0
887,1,0,0,30.0,19.0,True,False,False,False,True,1.0,0.0,0.0
888,0,1,2,23.45,23.25968148680328,True,False,False,False,True,0.0,0.0,1.0
889,1,0,0,30.0,26.0,False,True,True,False,False,1.0,0.0,0.0
890,0,0,0,7.75,32.0,False,True,False,True,False,0.0,0.0,1.0
